jobID,  modelID,  status,  completionReason,  startTime,  endTime,  runtime(s),  expDesc,  numRecords,  modelParams|tmParams|minThreshold,  modelParams|sensorParams|encoders|timestamp_weekend:radius,  modelParams|sensorParams|encoders|value:n,  modelParams|tmParams|activationThreshold,  modelParams|sensorParams|encoders|timestamp_timeOfDay:radius,  modelParams|tmParams|pamLength,  modelParams|clParams|alpha,  modelParams|sensorParams|encoders|timestamp_dayOfWeek:radius,  modelParams|sensorParams|encoders|_classifierInput|n,  modelParams|inferenceType,  modelParams|spParams|synPermInactiveDec,  multiStepBestPredictions:multiStep:errorMetric='aae':steps=[1]:window=1000:field=value,  multiStepBestPredictions:multiStep:errorMetric='altMAPE':steps=[1]:window=1000:field=value, 
1042,  3025,  completed,  eof,  2017-09-22 07:46:19,  2017-09-22 07:46:26,  7,  modelParams|tmParams|minThreshold_11.modelParams|tmParams|activationThreshold_14.modelParams|tmParams|pamLength_3.modelParams|clParams|alpha_0.05005.modelParams|sensorParams|encoders|timestamp_dayOfWeek:radius_3.5.modelParams|sensorParams|encoders|_classifierInput|n_275.modelParams|inferenceType_NontemporalMultiStep.modelParams|spParams|synPermInactiveDec_0.05015,  2500,  11,  None,  None,  14,  None,  3,  0.05005,  3.5,  275,  NontemporalMultiStep,  0.05015,  122.047010264,  37.6881396839, 
1042,  3036,  completed,  eof,  2017-09-22 07:46:19,  2017-09-22 07:46:26,  7,  modelParams|tmParams|minThreshold_11.modelParams|tmParams|activationThreshold_14.modelParams|sensorParams|encoders|timestamp_timeOfDay:radius_6.25.modelParams|tmParams|pamLength_3.modelParams|clParams|alpha_0.05005.modelParams|sensorParams|encoders|_classifierInput|n_275.modelParams|inferenceType_NontemporalMultiStep.modelParams|spParams|synPermInactiveDec_0.05015,  2500,  11,  None,  None,  14,  6.25,  3,  0.05005,  None,  275,  NontemporalMultiStep,  0.05015,  132.384334488,  40.8803073451, 
1042,  3037,  completed,  eof,  2017-09-22 07:46:26,  2017-09-22 07:46:31,  5,  modelParams|tmParams|minThreshold_11.modelParams|sensorParams|encoders|timestamp_weekend:radius_1.modelParams|tmParams|activationThreshold_14.modelParams|tmParams|pamLength_3.modelParams|clParams|alpha_0.05005.modelParams|sensorParams|encoders|_classifierInput|n_275.modelParams|inferenceType_NontemporalMultiStep.modelParams|spParams|synPermInactiveDec_0.05015,  2500,  11,  1,  None,  14,  None,  3,  0.05005,  None,  275,  NontemporalMultiStep,  0.05015,  146.399849083,  45.2083008836, 
1042,  3038,  completed,  eof,  2017-09-22 07:46:26,  2017-09-22 07:46:32,  6,  modelParams|tmParams|minThreshold_11.modelParams|sensorParams|encoders|value:n_272.modelParams|tmParams|activationThreshold_14.modelParams|tmParams|pamLength_3.modelParams|clParams|alpha_0.05005.modelParams|sensorParams|encoders|_classifierInput|n_275.modelParams|inferenceType_NontemporalMultiStep.modelParams|spParams|synPermInactiveDec_0.05015,  2500,  11,  None,  272,  14,  None,  3,  0.05005,  None,  275,  NontemporalMultiStep,  0.05015,  75.6351316036,  23.3561428397, 
1042,  3039,  completed,  eof,  2017-09-22 07:46:31,  2017-09-22 07:46:47,  16,  modelParams|tmParams|minThreshold_9.modelParams|tmParams|activationThreshold_12.modelParams|tmParams|pamLength_1.modelParams|clParams|alpha_0.0001.modelParams|sensorParams|encoders|timestamp_dayOfWeek:radius_1.0.modelParams|sensorParams|encoders|_classifierInput|n_28.modelParams|inferenceType_TemporalMultiStep.modelParams|spParams|synPermInactiveDec_0.1,  2500,  9,  None,  None,  12,  None,  1,  0.0001,  1.0,  28,  TemporalMultiStep,  0.1,  158.162077049,  48.8404790878, 
1042,  3040,  completed,  eof,  2017-09-22 07:46:32,  2017-09-22 07:46:48,  16,  modelParams|tmParams|minThreshold_9.modelParams|tmParams|activationThreshold_12.modelParams|sensorParams|encoders|timestamp_timeOfDay:radius_0.5.modelParams|tmParams|pamLength_1.modelParams|clParams|alpha_0.0001.modelParams|sensorParams|encoders|_classifierInput|n_28.modelParams|inferenceType_TemporalMultiStep.modelParams|spParams|synPermInactiveDec_0.1,  2500,  9,  None,  None,  12,  0.5,  1,  0.0001,  None,  28,  TemporalMultiStep,  0.1,  233.792378345,  72.1951303276, 
1042,  3041,  completed,  eof,  2017-09-22 07:46:47,  2017-09-22 07:46:57,  10,  modelParams|tmParams|minThreshold_9.modelParams|sensorParams|encoders|timestamp_weekend:radius_1.modelParams|tmParams|activationThreshold_12.modelParams|tmParams|pamLength_1.modelParams|clParams|alpha_0.0001.modelParams|sensorParams|encoders|_classifierInput|n_28.modelParams|inferenceType_TemporalMultiStep.modelParams|spParams|synPermInactiveDec_0.1,  2500,  9,  1,  None,  12,  None,  1,  0.0001,  None,  28,  TemporalMultiStep,  0.1,  203.244478376,  62.7619330817, 
1042,  3042,  completed,  eof,  2017-09-22 07:46:48,  2017-09-22 07:46:57,  9,  modelParams|tmParams|minThreshold_9.modelParams|sensorParams|encoders|value:n_22.modelParams|tmParams|activationThreshold_12.modelParams|tmParams|pamLength_1.modelParams|clParams|alpha_0.0001.modelParams|sensorParams|encoders|_classifierInput|n_28.modelParams|inferenceType_TemporalMultiStep.modelParams|spParams|synPermInactiveDec_0.1,  2500,  9,  None,  22,  12,  None,  1,  0.0001,  None,  28,  TemporalMultiStep,  0.1,  188.314266517,  58.1514808565, 
1042,  3043,  completed,  eof,  2017-09-22 07:46:57,  2017-09-22 07:47:03,  6,  modelParams|tmParams|minThreshold_12.modelParams|tmParams|activationThreshold_16.modelParams|tmParams|pamLength_5.modelParams|clParams|alpha_0.1.modelParams|sensorParams|encoders|timestamp_dayOfWeek:radius_6.0.modelParams|sensorParams|encoders|_classifierInput|n_521.modelParams|inferenceType_NontemporalMultiStep.modelParams|spParams|synPermInactiveDec_0.0003,  2500,  12,  None,  None,  16,  None,  5,  0.1,  6.0,  521,  NontemporalMultiStep,  0.0003,  124.774523926,  38.530396415, 
1042,  3044,  completed,  eof,  2017-09-22 07:46:57,  2017-09-22 07:47:03,  6,  modelParams|tmParams|minThreshold_12.modelParams|tmParams|activationThreshold_16.modelParams|sensorParams|encoders|timestamp_timeOfDay:radius_12.0.modelParams|tmParams|pamLength_5.modelParams|clParams|alpha_0.1.modelParams|sensorParams|encoders|_classifierInput|n_521.modelParams|inferenceType_NontemporalMultiStep.modelParams|spParams|synPermInactiveDec_0.0003,  2500,  12,  None,  None,  16,  12.0,  5,  0.1,  None,  521,  NontemporalMultiStep,  0.0003,  124.694341135,  38.5056359539, 
1042,  3045,  completed,  eof,  2017-09-22 07:47:03,  2017-09-22 07:47:09,  6,  modelParams|tmParams|minThreshold_12.modelParams|sensorParams|encoders|timestamp_weekend:radius_1.modelParams|tmParams|activationThreshold_16.modelParams|tmParams|pamLength_5.modelParams|clParams|alpha_0.1.modelParams|sensorParams|encoders|_classifierInput|n_521.modelParams|inferenceType_NontemporalMultiStep.modelParams|spParams|synPermInactiveDec_0.0003,  2500,  12,  1,  None,  16,  None,  5,  0.1,  None,  521,  NontemporalMultiStep,  0.0003,  123.570135727,  38.158481113, 
1042,  3046,  completed,  eof,  2017-09-22 07:47:04,  2017-09-22 07:47:12,  8,  modelParams|tmParams|minThreshold_12.modelParams|sensorParams|encoders|value:n_521.modelParams|tmParams|activationThreshold_16.modelParams|tmParams|pamLength_5.modelParams|clParams|alpha_0.1.modelParams|sensorParams|encoders|_classifierInput|n_521.modelParams|inferenceType_NontemporalMultiStep.modelParams|spParams|synPermInactiveDec_0.0003,  2500,  12,  None,  521,  16,  None,  5,  0.1,  None,  521,  NontemporalMultiStep,  0.0003,  79.2568968074,  24.4745446146, 
1042,  3047,  completed,  eof,  2017-09-22 07:47:09,  2017-09-22 07:47:25,  16,  modelParams|tmParams|minThreshold_10.modelParams|tmParams|activationThreshold_13.modelParams|tmParams|pamLength_2.modelParams|clParams|alpha_0.025075.modelParams|sensorParams|encoders|timestamp_dayOfWeek:radius_4.75.modelParams|sensorParams|encoders|_classifierInput|n_151.modelParams|inferenceType_TemporalMultiStep.modelParams|spParams|synPermInactiveDec_0.075075,  2500,  10,  None,  None,  13,  None,  2,  0.025075,  4.75,  151,  TemporalMultiStep,  0.075075,  126.64895253,  39.1092203197, 
1042,  3048,  completed,  eof,  2017-09-22 07:47:12,  2017-09-22 07:47:29,  17,  modelParams|tmParams|minThreshold_10.modelParams|tmParams|activationThreshold_13.modelParams|sensorParams|encoders|timestamp_timeOfDay:radius_9.125.modelParams|tmParams|pamLength_2.modelParams|clParams|alpha_0.025075.modelParams|sensorParams|encoders|_classifierInput|n_151.modelParams|inferenceType_TemporalMultiStep.modelParams|spParams|synPermInactiveDec_0.075075,  2500,  10,  None,  None,  13,  9.125,  2,  0.025075,  None,  151,  TemporalMultiStep,  0.075075,  170.455876841,  52.6368067715, 
1042,  3049,  completed,  eof,  2017-09-22 07:47:25,  2017-09-22 07:47:36,  11,  modelParams|tmParams|minThreshold_10.modelParams|sensorParams|encoders|timestamp_weekend:radius_1.modelParams|tmParams|activationThreshold_13.modelParams|tmParams|pamLength_2.modelParams|clParams|alpha_0.025075.modelParams|sensorParams|encoders|_classifierInput|n_151.modelParams|inferenceType_TemporalMultiStep.modelParams|spParams|synPermInactiveDec_0.075075,  2500,  10,  1,  None,  13,  None,  2,  0.025075,  None,  151,  TemporalMultiStep,  0.075075,  130.587669482,  40.3254968538, 
1042,  3050,  completed,  eof,  2017-09-22 07:47:29,  2017-09-22 07:47:44,  15,  modelParams|tmParams|minThreshold_10.modelParams|sensorParams|encoders|value:n_147.modelParams|tmParams|activationThreshold_13.modelParams|tmParams|pamLength_2.modelParams|clParams|alpha_0.025075.modelParams|sensorParams|encoders|_classifierInput|n_151.modelParams|inferenceType_TemporalMultiStep.modelParams|spParams|synPermInactiveDec_0.075075,  2500,  10,  None,  147,  13,  None,  2,  0.025075,  None,  151,  TemporalMultiStep,  0.075075,  112.497827109,  34.7393501329, 
1042,  3051,  completed,  eof,  2017-09-22 07:47:36,  2017-09-22 07:47:42,  6,  modelParams|tmParams|minThreshold_11.modelParams|tmParams|activationThreshold_15.modelParams|tmParams|pamLength_4.modelParams|clParams|alpha_0.075025.modelParams|sensorParams|encoders|timestamp_dayOfWeek:radius_2.25.modelParams|sensorParams|encoders|_classifierInput|n_398.modelParams|inferenceType_NontemporalMultiStep.modelParams|spParams|synPermInactiveDec_0.025225,  2500,  11,  None,  None,  15,  None,  4,  0.075025,  2.25,  398,  NontemporalMultiStep,  0.025225,  107.479140175,  33.1895786653, 
1042,  3052,  completed,  eof,  2017-09-22 07:47:42,  2017-09-22 07:47:48,  6,  modelParams|tmParams|minThreshold_11.modelParams|tmParams|activationThreshold_15.modelParams|sensorParams|encoders|timestamp_timeOfDay:radius_3.375.modelParams|tmParams|pamLength_4.modelParams|clParams|alpha_0.075025.modelParams|sensorParams|encoders|_classifierInput|n_398.modelParams|inferenceType_NontemporalMultiStep.modelParams|spParams|synPermInactiveDec_0.025225,  2500,  11,  None,  None,  15,  3.375,  4,  0.075025,  None,  398,  NontemporalMultiStep,  0.025225,  127.891068981,  39.4927861131, 
1042,  3053,  completed,  eof,  2017-09-22 07:47:44,  2017-09-22 07:47:50,  6,  modelParams|tmParams|minThreshold_11.modelParams|sensorParams|encoders|timestamp_weekend:radius_1.modelParams|tmParams|activationThreshold_15.modelParams|tmParams|pamLength_4.modelParams|clParams|alpha_0.075025.modelParams|sensorParams|encoders|_classifierInput|n_398.modelParams|inferenceType_NontemporalMultiStep.modelParams|spParams|synPermInactiveDec_0.025225,  2500,  11,  1,  None,  15,  None,  4,  0.075025,  None,  398,  NontemporalMultiStep,  0.025225,  130.255658467,  40.2229717903, 
1042,  3054,  completed,  eof,  2017-09-22 07:47:48,  2017-09-22 07:47:55,  7,  modelParams|tmParams|minThreshold_11.modelParams|sensorParams|encoders|value:n_396.modelParams|tmParams|activationThreshold_15.modelParams|tmParams|pamLength_4.modelParams|clParams|alpha_0.075025.modelParams|sensorParams|encoders|_classifierInput|n_398.modelParams|inferenceType_NontemporalMultiStep.modelParams|spParams|synPermInactiveDec_0.025225,  2500,  11,  None,  396,  15,  None,  4,  0.075025,  None,  398,  NontemporalMultiStep,  0.025225,  76.8745960875,  23.7388897051, 
1042,  3055,  completed,  eof,  2017-09-22 07:47:50,  2017-09-22 07:47:56,  6,  modelParams|tmParams|minThreshold_11.modelParams|tmParams|activationThreshold_15.modelParams|tmParams|pamLength_4.modelParams|clParams|alpha_0.075893518938.modelParams|sensorParams|encoders|timestamp_dayOfWeek:radius_2.73510139028.modelParams|sensorParams|encoders|_classifierInput|n_422.modelParams|inferenceType_NontemporalMultiStep.modelParams|spParams|synPermInactiveDec_0.0287156521553,  2500,  11,  None,  None,  15,  None,  4,  0.075893518938,  2.73510139028,  422,  NontemporalMultiStep,  0.0287156521553,  105.234023905,  32.4962863395, 
1042,  3056,  completed,  eof,  2017-09-22 07:47:55,  2017-09-22 07:48:01,  6,  modelParams|tmParams|minThreshold_11.modelParams|tmParams|activationThreshold_16.modelParams|sensorParams|encoders|timestamp_timeOfDay:radius_12.modelParams|tmParams|pamLength_5.modelParams|clParams|alpha_0.0956003484444.modelParams|sensorParams|encoders|_classifierInput|n_521.modelParams|inferenceType_NontemporalMultiStep.modelParams|spParams|synPermInactiveDec_0.00229630431068,  2500,  11,  None,  None,  16,  12,  5,  0.0956003484444,  None,  521,  NontemporalMultiStep,  0.00229630431068,  130.305109062,  40.2382421433, 
1042,  3057,  completed,  eof,  2017-09-22 07:47:56,  2017-09-22 07:48:02,  6,  modelParams|tmParams|minThreshold_11.modelParams|sensorParams|encoders|timestamp_weekend:radius_1.modelParams|tmParams|activationThreshold_16.modelParams|tmParams|pamLength_5.modelParams|clParams|alpha_0.1.modelParams|sensorParams|encoders|_classifierInput|n_517.modelParams|inferenceType_NontemporalMultiStep.modelParams|spParams|synPermInactiveDec_0.0112901772453,  2500,  11,  1,  None,  16,  None,  5,  0.1,  None,  517,  NontemporalMultiStep,  0.0112901772453,  122.110894826,  37.7078672486, 
1042,  3058,  completed,  eof,  2017-09-22 07:48:01,  2017-09-22 07:48:08,  7,  modelParams|tmParams|minThreshold_11.modelParams|sensorParams|encoders|value:n_296.modelParams|tmParams|activationThreshold_14.modelParams|tmParams|pamLength_3.modelParams|clParams|alpha_0.055045.modelParams|sensorParams|encoders|_classifierInput|n_299.modelParams|inferenceType_NontemporalMultiStep.modelParams|spParams|synPermInactiveDec_0.055135,  2500,  11,  None,  296,  14,  None,  3,  0.055045,  None,  299,  NontemporalMultiStep,  0.055135,  75.0792172066,  23.1844763696, 
1042,  3059,  completed,  eof,  2017-09-22 07:48:02,  2017-09-22 07:48:08,  6,  modelParams|tmParams|minThreshold_10.modelParams|tmParams|activationThreshold_15.modelParams|tmParams|pamLength_4.modelParams|clParams|alpha_0.0583755751733.modelParams|sensorParams|encoders|timestamp_dayOfWeek:radius_2.15876159097.modelParams|sensorParams|encoders|_classifierInput|n_398.modelParams|inferenceType_NontemporalMultiStep.modelParams|spParams|synPermInactiveDec_0.0294268863957,  2500,  10,  None,  None,  15,  None,  4,  0.0583755751733,  2.15876159097,  398,  NontemporalMultiStep,  0.0294268863957,  103.848813003,  32.0685329531, 
1042,  3060,  completed,  eof,  2017-09-22 07:48:08,  2017-09-22 07:48:14,  6,  modelParams|tmParams|minThreshold_11.modelParams|tmParams|activationThreshold_16.modelParams|sensorParams|encoders|timestamp_timeOfDay:radius_12.modelParams|tmParams|pamLength_4.modelParams|clParams|alpha_0.0762156968887.modelParams|sensorParams|encoders|_classifierInput|n_497.modelParams|inferenceType_NontemporalMultiStep.modelParams|spParams|synPermInactiveDec_0.0003,  2500,  11,  None,  None,  16,  12,  4,  0.0762156968887,  None,  497,  NontemporalMultiStep,  0.0003,  127.464803536,  39.3611552634, 
1042,  3061,  completed,  eof,  2017-09-22 07:48:08,  2017-09-22 07:48:14,  6,  modelParams|tmParams|minThreshold_10.modelParams|sensorParams|encoders|timestamp_weekend:radius_1.modelParams|tmParams|activationThreshold_16.modelParams|tmParams|pamLength_5.modelParams|clParams|alpha_0.0918849959146.modelParams|sensorParams|encoders|_classifierInput|n_437.modelParams|inferenceType_NontemporalMultiStep.modelParams|spParams|synPermInactiveDec_0.0269616006965,  2500,  10,  1,  None,  16,  None,  5,  0.0918849959146,  None,  437,  NontemporalMultiStep,  0.0269616006965,  128.919277915,  39.8102972247, 
1042,  3062,  completed,  eof,  2017-09-22 07:48:14,  2017-09-22 07:48:21,  7,  modelParams|tmParams|minThreshold_10.modelParams|sensorParams|encoders|value:n_291.modelParams|tmParams|activationThreshold_14.modelParams|tmParams|pamLength_3.modelParams|clParams|alpha_0.0397158832888.modelParams|sensorParams|encoders|_classifierInput|n_275.modelParams|inferenceType_NontemporalMultiStep.modelParams|spParams|synPermInactiveDec_0.0574301738796,  2500,  10,  None,  291,  14,  None,  3,  0.0397158832888,  None,  275,  NontemporalMultiStep,  0.0574301738796,  74.5835198127,  23.0314049213, 
1042,  3063,  completed,  eof,  2017-09-22 07:48:14,  2017-09-22 07:48:20,  6,  modelParams|tmParams|minThreshold_10.modelParams|tmParams|activationThreshold_15.modelParams|tmParams|pamLength_4.modelParams|clParams|alpha_0.0602579485773.modelParams|sensorParams|encoders|timestamp_dayOfWeek:radius_3.13122598326.modelParams|sensorParams|encoders|_classifierInput|n_422.modelParams|inferenceType_NontemporalMultiStep.modelParams|spParams|synPermInactiveDec_0.0361581531923,  2500,  10,  None,  None,  15,  None,  4,  0.0602579485773,  3.13122598326,  422,  NontemporalMultiStep,  0.0361581531923,  101.794835572,  31.4342643368, 
1042,  3064,  completed,  eof,  2017-09-22 07:48:20,  2017-09-22 07:48:26,  6,  modelParams|tmParams|minThreshold_12.modelParams|tmParams|activationThreshold_16.modelParams|sensorParams|encoders|timestamp_timeOfDay:radius_12.modelParams|tmParams|pamLength_5.modelParams|clParams|alpha_0.095005.modelParams|sensorParams|encoders|_classifierInput|n_521.modelParams|inferenceType_NontemporalMultiStep.modelParams|spParams|synPermInactiveDec_0.005285,  2500,  12,  None,  None,  16,  12,  5,  0.095005,  None,  521,  NontemporalMultiStep,  0.005285,  126.50913448,  39.0660444795, 
1042,  3065,  completed,  eof,  2017-09-22 07:48:21,  2017-09-22 07:48:27,  6,  modelParams|tmParams|minThreshold_11.modelParams|sensorParams|encoders|timestamp_weekend:radius_1.modelParams|tmParams|activationThreshold_16.modelParams|tmParams|pamLength_5.modelParams|clParams|alpha_0.095005.modelParams|sensorParams|encoders|_classifierInput|n_521.modelParams|inferenceType_NontemporalMultiStep.modelParams|spParams|synPermInactiveDec_0.0149512462059,  2500,  11,  1,  None,  16,  None,  5,  0.095005,  None,  521,  NontemporalMultiStep,  0.0149512462059,  123.686898073,  38.1945373472, 
1042,  3066,  completed,  eof,  2017-09-22 07:48:26,  2017-09-22 07:48:33,  7,  modelParams|tmParams|minThreshold_10.modelParams|sensorParams|encoders|value:n_341.modelParams|tmParams|activationThreshold_14.modelParams|tmParams|pamLength_4.modelParams|clParams|alpha_0.0460591870093.modelParams|sensorParams|encoders|_classifierInput|n_299.modelParams|inferenceType_NontemporalMultiStep.modelParams|spParams|synPermInactiveDec_0.0658403434765,  2500,  10,  None,  341,  14,  None,  4,  0.0460591870093,  None,  299,  NontemporalMultiStep,  0.0658403434765,  74.4838960096,  23.0006410722, 
1042,  3067,  completed,  eof,  2017-09-22 07:48:27,  2017-09-22 07:48:32,  5,  modelParams|tmParams|minThreshold_10.modelParams|tmParams|activationThreshold_15.modelParams|tmParams|pamLength_4.modelParams|clParams|alpha_0.049449864653.modelParams|sensorParams|encoders|timestamp_dayOfWeek:radius_3.18568680077.modelParams|sensorParams|encoders|_classifierInput|n_447.modelParams|inferenceType_NontemporalMultiStep.modelParams|spParams|synPermInactiveDec_0.0288399413108,  2500,  10,  None,  None,  15,  None,  4,  0.049449864653,  3.18568680077,  447,  NontemporalMultiStep,  0.0288399413108,  98.2977032915,  30.3543492319, 
1042,  3068,  completed,  eof,  2017-09-22 07:48:33,  2017-09-22 07:48:39,  6,  modelParams|tmParams|minThreshold_11.modelParams|tmParams|activationThreshold_15.modelParams|sensorParams|encoders|timestamp_timeOfDay:radius_11.6282044105.modelParams|tmParams|pamLength_4.modelParams|clParams|alpha_0.0809130226666.modelParams|sensorParams|encoders|_classifierInput|n_497.modelParams|inferenceType_NontemporalMultiStep.modelParams|spParams|synPermInactiveDec_0.0003,  2500,  11,  None,  None,  15,  11.6282044105,  4,  0.0809130226666,  None,  497,  NontemporalMultiStep,  0.0003,  138.773302303,  42.8532218058, 
1042,  3069,  completed,  eof,  2017-09-22 07:48:33,  2017-09-22 07:48:39,  6,  modelParams|tmParams|minThreshold_11.modelParams|sensorParams|encoders|timestamp_weekend:radius_1.modelParams|tmParams|activationThreshold_16.modelParams|tmParams|pamLength_5.modelParams|clParams|alpha_0.092664996936.modelParams|sensorParams|encoders|_classifierInput|n_451.modelParams|inferenceType_NontemporalMultiStep.modelParams|spParams|synPermInactiveDec_0.0139890120738,  2500,  11,  1,  None,  16,  None,  5,  0.092664996936,  None,  451,  NontemporalMultiStep,  0.0139890120738,  120.807244268,  37.3052997116, 
1042,  3070,  completed,  eof,  2017-09-22 07:48:39,  2017-09-22 07:48:45,  6,  modelParams|tmParams|minThreshold_10.modelParams|sensorParams|encoders|value:n_294.modelParams|tmParams|activationThreshold_14.modelParams|tmParams|pamLength_3.modelParams|clParams|alpha_0.0371174577775.modelParams|sensorParams|encoders|_classifierInput|n_275.modelParams|inferenceType_NontemporalMultiStep.modelParams|spParams|synPermInactiveDec_0.060301690956,  2500,  10,  None,  294,  14,  None,  3,  0.0371174577775,  None,  275,  NontemporalMultiStep,  0.060301690956,  74.4511407257,  22.9905262343, 
1042,  3071,  completed,  eof,  2017-09-22 07:48:39,  2017-09-22 07:48:45,  6,  modelParams|tmParams|minThreshold_10.modelParams|tmParams|activationThreshold_15.modelParams|tmParams|pamLength_4.modelParams|clParams|alpha_0.0486805027578.modelParams|sensorParams|encoders|timestamp_dayOfWeek:radius_3.25970178659.modelParams|sensorParams|encoders|_classifierInput|n_472.modelParams|inferenceType_NontemporalMultiStep.modelParams|spParams|synPermInactiveDec_0.0240716706892,  2500,  10,  None,  None,  15,  None,  4,  0.0486805027578,  3.25970178659,  472,  NontemporalMultiStep,  0.0240716706892,  100.408402806,  31.0061336382, 
1042,  3072,  completed,  eof,  2017-09-22 07:48:45,  2017-09-22 07:48:51,  6,  modelParams|tmParams|minThreshold_11.modelParams|tmParams|activationThreshold_16.modelParams|sensorParams|encoders|timestamp_timeOfDay:radius_12.modelParams|tmParams|pamLength_5.modelParams|clParams|alpha_0.0903076742222.modelParams|sensorParams|encoders|_classifierInput|n_521.modelParams|inferenceType_NontemporalMultiStep.modelParams|spParams|synPermInactiveDec_0.00379065215534,  2500,  11,  None,  None,  16,  12,  5,  0.0903076742222,  None,  521,  NontemporalMultiStep,  0.00379065215534,  124.468684282,  38.4359530754, 
1042,  3073,  completed,  eof,  2017-09-22 07:48:45,  2017-09-22 07:48:51,  6,  modelParams|tmParams|minThreshold_10.modelParams|sensorParams|encoders|timestamp_weekend:radius_1.modelParams|tmParams|activationThreshold_16.modelParams|tmParams|pamLength_5.modelParams|clParams|alpha_0.0871190773914.modelParams|sensorParams|encoders|_classifierInput|n_469.modelParams|inferenceType_NontemporalMultiStep.modelParams|spParams|synPermInactiveDec_0.0103575546821,  2500,  10,  1,  None,  16,  None,  5,  0.0871190773914,  None,  469,  NontemporalMultiStep,  0.0103575546821,  123.733278918,  38.208859761, 
1042,  3074,  completed,  eof,  2017-09-22 07:48:51,  2017-09-22 07:48:57,  6,  modelParams|tmParams|minThreshold_10.modelParams|sensorParams|encoders|value:n_281.modelParams|tmParams|activationThreshold_14.modelParams|tmParams|pamLength_3.modelParams|clParams|alpha_0.0392521504804.modelParams|sensorParams|encoders|_classifierInput|n_299.modelParams|inferenceType_NontemporalMultiStep.modelParams|spParams|synPermInactiveDec_0.0574196709973,  2500,  10,  None,  281,  14,  None,  3,  0.0392521504804,  None,  299,  NontemporalMultiStep,  0.0574196709973,  74.3035511372,  22.9449505417, 
1042,  3075,  completed,  eof,  2017-09-22 07:48:51,  2017-09-22 07:48:57,  6,  modelParams|tmParams|minThreshold_10.modelParams|tmParams|activationThreshold_15.modelParams|tmParams|pamLength_5.modelParams|clParams|alpha_0.0602798830709.modelParams|sensorParams|encoders|timestamp_dayOfWeek:radius_2.90971554319.modelParams|sensorParams|encoders|_classifierInput|n_484.modelParams|inferenceType_NontemporalMultiStep.modelParams|spParams|synPermInactiveDec_0.0234888059537,  2500,  10,  None,  None,  15,  None,  5,  0.0602798830709,  2.90971554319,  484,  NontemporalMultiStep,  0.0234888059537,  102.773070566,  31.7363434864, 
1042,  3076,  completed,  eof,  2017-09-22 07:48:57,  2017-09-22 07:49:03,  6,  modelParams|tmParams|minThreshold_12.modelParams|tmParams|activationThreshold_16.modelParams|sensorParams|encoders|timestamp_timeOfDay:radius_12.modelParams|tmParams|pamLength_5.modelParams|clParams|alpha_0.1.modelParams|sensorParams|encoders|_classifierInput|n_521.modelParams|inferenceType_NontemporalMultiStep.modelParams|spParams|synPermInactiveDec_0.0003,  2500,  12,  None,  None,  16,  12,  5,  0.1,  None,  521,  NontemporalMultiStep,  0.0003,  124.694341135,  38.5056359539, 
1042,  3077,  completed,  eof,  2017-09-22 07:48:57,  2017-09-22 07:49:03,  6,  modelParams|tmParams|minThreshold_12.modelParams|sensorParams|encoders|timestamp_weekend:radius_1.modelParams|tmParams|activationThreshold_16.modelParams|tmParams|pamLength_5.modelParams|clParams|alpha_0.1.modelParams|sensorParams|encoders|_classifierInput|n_520.modelParams|inferenceType_NontemporalMultiStep.modelParams|spParams|synPermInactiveDec_0.00394894141022,  2500,  12,  1,  None,  16,  None,  5,  0.1,  None,  520,  NontemporalMultiStep,  0.00394894141022,  122.459406609,  37.8154877526, 
1042,  3078,  completed,  eof,  2017-09-22 07:49:03,  2017-09-22 07:49:10,  7,  modelParams|tmParams|minThreshold_10.modelParams|sensorParams|encoders|value:n_289.modelParams|tmParams|activationThreshold_14.modelParams|tmParams|pamLength_3.modelParams|clParams|alpha_0.0434712371833.modelParams|sensorParams|encoders|_classifierInput|n_305.modelParams|inferenceType_NontemporalMultiStep.modelParams|spParams|synPermInactiveDec_0.0588028956485,  2500,  10,  None,  289,  14,  None,  3,  0.0434712371833,  None,  305,  NontemporalMultiStep,  0.0588028956485,  74.1893017758,  22.9096703175, 
1042,  3079,  completed,  eof,  2017-09-22 07:49:04,  2017-09-22 07:49:10,  6,  modelParams|tmParams|minThreshold_11.modelParams|tmParams|activationThreshold_16.modelParams|tmParams|pamLength_5.modelParams|clParams|alpha_0.0654935042092.modelParams|sensorParams|encoders|timestamp_dayOfWeek:radius_3.28223196289.modelParams|sensorParams|encoders|_classifierInput|n_521.modelParams|inferenceType_NontemporalMultiStep.modelParams|spParams|synPermInactiveDec_0.0111614733361,  2500,  11,  None,  None,  16,  None,  5,  0.0654935042092,  3.28223196289,  521,  NontemporalMultiStep,  0.0111614733361,  109.508423893,  33.8162218583, 
1042,  3080,  completed,  eof,  2017-09-22 07:49:10,  2017-09-22 07:49:16,  6,  modelParams|tmParams|minThreshold_11.modelParams|tmParams|activationThreshold_16.modelParams|sensorParams|encoders|timestamp_timeOfDay:radius_10.5625.modelParams|tmParams|pamLength_4.modelParams|clParams|alpha_0.0709209332265.modelParams|sensorParams|encoders|_classifierInput|n_454.modelParams|inferenceType_NontemporalMultiStep.modelParams|spParams|synPermInactiveDec_0.0163979807533,  2500,  11,  None,  None,  16,  10.5625,  4,  0.0709209332265,  None,  454,  NontemporalMultiStep,  0.0163979807533,  135.804696234,  41.9365156944, 
1042,  3081,  completed,  eof,  2017-09-22 07:49:10,  2017-09-22 07:49:16,  6,  modelParams|tmParams|minThreshold_10.modelParams|sensorParams|encoders|timestamp_weekend:radius_1.modelParams|tmParams|activationThreshold_16.modelParams|tmParams|pamLength_5.modelParams|clParams|alpha_0.078456660895.modelParams|sensorParams|encoders|_classifierInput|n_359.modelParams|inferenceType_NontemporalMultiStep.modelParams|spParams|synPermInactiveDec_0.0298228857227,  2500,  10,  1,  None,  16,  None,  5,  0.078456660895,  None,  359,  NontemporalMultiStep,  0.0298228857227,  128.138302414,  39.5691318435, 
1042,  3082,  completed,  eof,  2017-09-22 07:49:16,  2017-09-22 07:49:22,  6,  modelParams|tmParams|minThreshold_11.modelParams|sensorParams|encoders|value:n_356.modelParams|tmParams|activationThreshold_15.modelParams|tmParams|pamLength_3.modelParams|clParams|alpha_0.0526688968682.modelParams|sensorParams|encoders|_classifierInput|n_367.modelParams|inferenceType_NontemporalMultiStep.modelParams|spParams|synPermInactiveDec_0.0482427389706,  2500,  11,  None,  356,  15,  None,  3,  0.0526688968682,  None,  367,  NontemporalMultiStep,  0.0482427389706,  74.5624631142,  23.0249026088, 
1042,  3083,  completed,  eof,  2017-09-22 07:49:16,  2017-09-22 07:49:22,  6,  modelParams|tmParams|minThreshold_10.modelParams|tmParams|activationThreshold_15.modelParams|tmParams|pamLength_4.modelParams|clParams|alpha_0.0413001117024.modelParams|sensorParams|encoders|timestamp_dayOfWeek:radius_2.45825024546.modelParams|sensorParams|encoders|_classifierInput|n_423.modelParams|inferenceType_NontemporalMultiStep.modelParams|spParams|synPermInactiveDec_0.0373657251795,  2500,  10,  None,  None,  15,  None,  4,  0.0413001117024,  2.45825024546,  423,  NontemporalMultiStep,  0.0373657251795,  96.1872669944,  29.7026461071, 
1042,  3084,  completed,  eof,  2017-09-22 07:49:22,  2017-09-22 07:49:28,  6,  modelParams|tmParams|minThreshold_11.modelParams|tmParams|activationThreshold_16.modelParams|sensorParams|encoders|timestamp_timeOfDay:radius_12.modelParams|tmParams|pamLength_5.modelParams|clParams|alpha_0.0911521524279.modelParams|sensorParams|encoders|_classifierInput|n_521.modelParams|inferenceType_NontemporalMultiStep.modelParams|spParams|synPermInactiveDec_0.00385118979185,  2500,  11,  None,  None,  16,  12,  5,  0.0911521524279,  None,  521,  NontemporalMultiStep,  0.00385118979185,  125.771223028,  38.8381772846, 
1042,  3085,  completed,  eof,  2017-09-22 07:49:22,  2017-09-22 07:49:28,  6,  modelParams|tmParams|minThreshold_11.modelParams|sensorParams|encoders|timestamp_weekend:radius_1.modelParams|tmParams|activationThreshold_16.modelParams|tmParams|pamLength_5.modelParams|clParams|alpha_0.0925317541553.modelParams|sensorParams|encoders|_classifierInput|n_464.modelParams|inferenceType_NontemporalMultiStep.modelParams|spParams|synPermInactiveDec_0.0147986113583,  2500,  11,  1,  None,  16,  None,  5,  0.0925317541553,  None,  464,  NontemporalMultiStep,  0.0147986113583,  126.420332962,  39.0386225543, 
1042,  3086,  completed,  eof,  2017-09-22 07:49:28,  2017-09-22 07:49:34,  6,  modelParams|tmParams|minThreshold_10.modelParams|sensorParams|encoders|value:n_250.modelParams|tmParams|activationThreshold_13.modelParams|tmParams|pamLength_2.modelParams|clParams|alpha_0.0304727784173.modelParams|sensorParams|encoders|_classifierInput|n_250.modelParams|inferenceType_NontemporalMultiStep.modelParams|spParams|synPermInactiveDec_0.0747660599531,  2500,  10,  None,  250,  13,  None,  2,  0.0304727784173,  None,  250,  NontemporalMultiStep,  0.0747660599531,  74.1640809358,  22.9018821173, 
1042,  3087,  completed,  eof,  2017-09-22 07:49:28,  2017-09-22 07:49:34,  6,  modelParams|tmParams|minThreshold_10.modelParams|tmParams|activationThreshold_15.modelParams|tmParams|pamLength_4.modelParams|clParams|alpha_0.0487403664527.modelParams|sensorParams|encoders|timestamp_dayOfWeek:radius_2.20398902205.modelParams|sensorParams|encoders|_classifierInput|n_497.modelParams|inferenceType_NontemporalMultiStep.modelParams|spParams|synPermInactiveDec_0.0263181134359,  2500,  10,  None,  None,  15,  None,  4,  0.0487403664527,  2.20398902205,  497,  NontemporalMultiStep,  0.0263181134359,  97.2925843266,  30.0439683068, 
1042,  3088,  completed,  eof,  2017-09-22 07:49:34,  2017-09-22 07:49:40,  6,  modelParams|tmParams|minThreshold_11.modelParams|tmParams|activationThreshold_15.modelParams|sensorParams|encoders|timestamp_timeOfDay:radius_10.4878992611.modelParams|tmParams|pamLength_4.modelParams|clParams|alpha_0.0719334321683.modelParams|sensorParams|encoders|_classifierInput|n_454.modelParams|inferenceType_NontemporalMultiStep.modelParams|spParams|synPermInactiveDec_0.0163979807533,  2500,  11,  None,  None,  15,  10.4878992611,  4,  0.0719334321683,  None,  454,  NontemporalMultiStep,  0.0163979807533,  134.831713553,  41.6360584599, 
1042,  3089,  completed,  eof,  2017-09-22 07:49:35,  2017-09-22 07:49:41,  6,  modelParams|tmParams|minThreshold_11.modelParams|sensorParams|encoders|timestamp_weekend:radius_1.modelParams|tmParams|activationThreshold_16.modelParams|tmParams|pamLength_5.modelParams|clParams|alpha_0.1.modelParams|sensorParams|encoders|_classifierInput|n_521.modelParams|inferenceType_NontemporalMultiStep.modelParams|spParams|synPermInactiveDec_0.0003,  2500,  11,  1,  None,  16,  None,  5,  0.1,  None,  521,  NontemporalMultiStep,  0.0003,  123.570135727,  38.158481113, 
1042,  3090,  completed,  eof,  2017-09-22 07:49:40,  2017-09-22 07:49:47,  7,  modelParams|tmParams|minThreshold_10.modelParams|sensorParams|encoders|value:n_292.modelParams|tmParams|activationThreshold_13.modelParams|tmParams|pamLength_3.modelParams|clParams|alpha_0.0347331315461.modelParams|sensorParams|encoders|_classifierInput|n_281.modelParams|inferenceType_NontemporalMultiStep.modelParams|spParams|synPermInactiveDec_0.0719399262181,  2500,  10,  None,  292,  13,  None,  3,  0.0347331315461,  None,  281,  NontemporalMultiStep,  0.0719399262181,  74.3655938658,  22.9641093479, 
1042,  3091,  completed,  eof,  2017-09-22 07:49:41,  2017-09-22 07:49:47,  6,  modelParams|tmParams|minThreshold_9.modelParams|tmParams|activationThreshold_15.modelParams|tmParams|pamLength_4.modelParams|clParams|alpha_0.0359334085699.modelParams|sensorParams|encoders|timestamp_dayOfWeek:radius_2.86141358936.modelParams|sensorParams|encoders|_classifierInput|n_441.modelParams|inferenceType_NontemporalMultiStep.modelParams|spParams|synPermInactiveDec_0.037874421605,  2500,  9,  None,  None,  15,  None,  4,  0.0359334085699,  2.86141358936,  441,  NontemporalMultiStep,  0.037874421605,  96.7099367662,  29.8640466307, 
1042,  3092,  completed,  eof,  2017-09-22 07:49:47,  2017-09-22 07:49:53,  6,  modelParams|tmParams|minThreshold_11.modelParams|tmParams|activationThreshold_16.modelParams|sensorParams|encoders|timestamp_timeOfDay:radius_12.modelParams|tmParams|pamLength_5.modelParams|clParams|alpha_0.0941283427777.modelParams|sensorParams|encoders|_classifierInput|n_521.modelParams|inferenceType_NontemporalMultiStep.modelParams|spParams|synPermInactiveDec_0.0003,  2500,  11,  None,  None,  16,  12,  5,  0.0941283427777,  None,  521,  NontemporalMultiStep,  0.0003,  125.580617912,  38.7793183889, 
1042,  3094,  completed,  eof,  2017-09-22 07:49:47,  2017-09-22 07:49:53,  6,  modelParams|tmParams|minThreshold_11.modelParams|sensorParams|encoders|timestamp_weekend:radius_1.modelParams|tmParams|activationThreshold_16.modelParams|tmParams|pamLength_5.modelParams|clParams|alpha_0.0955153101613.modelParams|sensorParams|encoders|_classifierInput|n_471.modelParams|inferenceType_NontemporalMultiStep.modelParams|spParams|synPermInactiveDec_0.00983468744857,  2500,  11,  1,  None,  16,  None,  5,  0.0955153101613,  None,  471,  NontemporalMultiStep,  0.00983468744857,  122.024299641,  37.6811266392, 
1042,  3095,  completed,  eof,  2017-09-22 07:49:53,  2017-09-22 07:49:58,  5,  modelParams|tmParams|minThreshold_9.modelParams|sensorParams|encoders|value:n_224.modelParams|tmParams|activationThreshold_12.modelParams|tmParams|pamLength_2.modelParams|clParams|alpha_0.0231808000996.modelParams|sensorParams|encoders|_classifierInput|n_225.modelParams|inferenceType_NontemporalMultiStep.modelParams|spParams|synPermInactiveDec_0.0838547092049,  2500,  9,  None,  224,  12,  None,  2,  0.0231808000996,  None,  225,  NontemporalMultiStep,  0.0838547092049,  74.4489419306,  22.989847246, 
1042,  3096,  completed,  eof,  2017-09-22 07:49:53,  2017-09-22 07:49:59,  6,  modelParams|tmParams|minThreshold_10.modelParams|tmParams|activationThreshold_15.modelParams|tmParams|pamLength_4.modelParams|clParams|alpha_0.0405326253428.modelParams|sensorParams|encoders|timestamp_dayOfWeek:radius_2.58681587901.modelParams|sensorParams|encoders|_classifierInput|n_439.modelParams|inferenceType_NontemporalMultiStep.modelParams|spParams|synPermInactiveDec_0.0368909873236,  2500,  10,  None,  None,  15,  None,  4,  0.0405326253428,  2.58681587901,  439,  NontemporalMultiStep,  0.0368909873236,  97.2151113606,  30.0200446403, 
1042,  3097,  completed,  eof,  2017-09-22 07:49:58,  2017-09-22 07:50:04,  6,  modelParams|tmParams|minThreshold_10.modelParams|sensorParams|encoders|value:n_253.modelParams|tmParams|activationThreshold_13.modelParams|tmParams|pamLength_2.modelParams|clParams|alpha_0.030024102295.modelParams|sensorParams|encoders|_classifierInput|n_252.modelParams|inferenceType_NontemporalMultiStep.modelParams|spParams|synPermInactiveDec_0.076640085828,  2500,  10,  None,  253,  13,  None,  2,  0.030024102295,  None,  252,  NontemporalMultiStep,  0.076640085828,  74.52433849,  23.0131297177, 
1042,  3098,  completed,  eof,  2017-09-22 07:49:59,  2017-09-22 07:50:05,  6,  modelParams|tmParams|minThreshold_10.modelParams|tmParams|activationThreshold_15.modelParams|tmParams|pamLength_4.modelParams|clParams|alpha_0.0450183014498.modelParams|sensorParams|encoders|timestamp_dayOfWeek:radius_2.62199749555.modelParams|sensorParams|encoders|_classifierInput|n_431.modelParams|inferenceType_NontemporalMultiStep.modelParams|spParams|synPermInactiveDec_0.0383866835307,  2500,  10,  None,  None,  15,  None,  4,  0.0450183014498,  2.62199749555,  431,  NontemporalMultiStep,  0.0383866835307,  96.8412133049,  29.9045848505, 
1042,  3099,  completed,  eof,  2017-09-22 07:50:04,  2017-09-22 07:50:10,  6,  modelParams|tmParams|minThreshold_10.modelParams|sensorParams|encoders|value:n_278.modelParams|tmParams|activationThreshold_13.modelParams|tmParams|pamLength_3.modelParams|clParams|alpha_0.0378857024574.modelParams|sensorParams|encoders|_classifierInput|n_272.modelParams|inferenceType_NontemporalMultiStep.modelParams|spParams|synPermInactiveDec_0.0740593744473,  2500,  10,  None,  278,  13,  None,  3,  0.0378857024574,  None,  272,  NontemporalMultiStep,  0.0740593744473,  74.3217879631,  22.950582077, 
1042,  3100,  completed,  eof,  2017-09-22 07:50:05,  2017-09-22 07:50:11,  6,  modelParams|tmParams|minThreshold_10.modelParams|tmParams|activationThreshold_15.modelParams|tmParams|pamLength_4.modelParams|clParams|alpha_0.0365606524837.modelParams|sensorParams|encoders|timestamp_dayOfWeek:radius_2.29000631101.modelParams|sensorParams|encoders|_classifierInput|n_423.modelParams|inferenceType_NontemporalMultiStep.modelParams|spParams|synPermInactiveDec_0.0376676181763,  2500,  10,  None,  None,  15,  None,  4,  0.0365606524837,  2.29000631101,  423,  NontemporalMultiStep,  0.0376676181763,  95.595093309,  29.5197827618, 
1042,  3101,  completed,  eof,  2017-09-22 07:50:10,  2017-09-22 07:50:16,  6,  modelParams|tmParams|minThreshold_10.modelParams|sensorParams|encoders|value:n_227.modelParams|tmParams|activationThreshold_13.modelParams|tmParams|pamLength_2.modelParams|clParams|alpha_0.0265761762692.modelParams|sensorParams|encoders|_classifierInput|n_237.modelParams|inferenceType_NontemporalMultiStep.modelParams|spParams|synPermInactiveDec_0.0769974890723,  2500,  10,  None,  227,  13,  None,  2,  0.0265761762692,  None,  237,  NontemporalMultiStep,  0.0769974890723,  74.9110616131,  23.1325498907, 
1042,  3102,  completed,  eof,  2017-09-22 07:50:11,  2017-09-22 07:50:17,  6,  modelParams|tmParams|minThreshold_10.modelParams|tmParams|activationThreshold_15.modelParams|tmParams|pamLength_5.modelParams|clParams|alpha_0.0383956646818.modelParams|sensorParams|encoders|timestamp_dayOfWeek:radius_2.02840363895.modelParams|sensorParams|encoders|_classifierInput|n_436.modelParams|inferenceType_NontemporalMultiStep.modelParams|spParams|synPermInactiveDec_0.0377176068624,  2500,  10,  None,  None,  15,  None,  5,  0.0383956646818,  2.02840363895,  436,  NontemporalMultiStep,  0.0377176068624,  100.46337936,  31.0231104084, 
1042,  3103,  completed,  eof,  2017-09-22 07:50:16,  2017-09-22 07:50:22,  6,  modelParams|tmParams|minThreshold_10.modelParams|sensorParams|encoders|value:n_254.modelParams|tmParams|activationThreshold_13.modelParams|tmParams|pamLength_2.modelParams|clParams|alpha_0.0306779888143.modelParams|sensorParams|encoders|_classifierInput|n_251.modelParams|inferenceType_NontemporalMultiStep.modelParams|spParams|synPermInactiveDec_0.077845056155,  2500,  10,  None,  254,  13,  None,  2,  0.0306779888143,  None,  251,  NontemporalMultiStep,  0.077845056155,  74.3581493056,  22.9618104664, 
1042,  3104,  completed,  eof,  2017-09-22 07:50:17,  2017-09-22 07:50:23,  6,  modelParams|tmParams|minThreshold_10.modelParams|tmParams|activationThreshold_15.modelParams|tmParams|pamLength_4.modelParams|clParams|alpha_0.0332702428954.modelParams|sensorParams|encoders|timestamp_dayOfWeek:radius_2.29790517814.modelParams|sensorParams|encoders|_classifierInput|n_415.modelParams|inferenceType_NontemporalMultiStep.modelParams|spParams|synPermInactiveDec_0.041105907259,  2500,  10,  None,  None,  15,  None,  4,  0.0332702428954,  2.29790517814,  415,  NontemporalMultiStep,  0.041105907259,  97.2560875242,  30.0326980874, 
1042,  3105,  completed,  eof,  2017-09-22 07:50:22,  2017-09-22 07:50:29,  7,  modelParams|tmParams|minThreshold_10.modelParams|sensorParams|encoders|value:n_246.modelParams|tmParams|activationThreshold_14.modelParams|tmParams|pamLength_2.modelParams|clParams|alpha_0.0289758128457.modelParams|sensorParams|encoders|_classifierInput|n_248.modelParams|inferenceType_NontemporalMultiStep.modelParams|spParams|synPermInactiveDec_0.0750172849409,  2500,  10,  None,  246,  14,  None,  2,  0.0289758128457,  None,  248,  NontemporalMultiStep,  0.0750172849409,  73.892336535,  22.8179673953, 
1042,  3106,  completed,  eof,  2017-09-22 07:50:23,  2017-09-22 07:50:29,  6,  modelParams|tmParams|minThreshold_10.modelParams|tmParams|activationThreshold_15.modelParams|tmParams|pamLength_3.modelParams|clParams|alpha_0.0322801051501.modelParams|sensorParams|encoders|timestamp_dayOfWeek:radius_2.26510566863.modelParams|sensorParams|encoders|_classifierInput|n_411.modelParams|inferenceType_NontemporalMultiStep.modelParams|spParams|synPermInactiveDec_0.0410647254702,  2500,  10,  None,  None,  15,  None,  3,  0.0322801051501,  2.26510566863,  411,  NontemporalMultiStep,  0.0410647254702,  95.8517831417,  29.5990486304, 
1042,  3107,  completed,  eof,  2017-09-22 07:50:29,  2017-09-22 07:50:35,  6,  modelParams|tmParams|minThreshold_10.modelParams|sensorParams|encoders|value:n_249.modelParams|tmParams|activationThreshold_13.modelParams|tmParams|pamLength_3.modelParams|clParams|alpha_0.0302833981309.modelParams|sensorParams|encoders|_classifierInput|n_248.modelParams|inferenceType_NontemporalMultiStep.modelParams|spParams|synPermInactiveDec_0.0751908940372,  2500,  10,  None,  249,  13,  None,  3,  0.0302833981309,  None,  248,  NontemporalMultiStep,  0.0751908940372,  74.2183784249,  22.9186491921, 
1042,  3108,  completed,  eof,  2017-09-22 07:50:29,  2017-09-22 07:50:35,  6,  modelParams|tmParams|minThreshold_10.modelParams|tmParams|activationThreshold_14.modelParams|tmParams|pamLength_4.modelParams|clParams|alpha_0.0328392623359.modelParams|sensorParams|encoders|timestamp_dayOfWeek:radius_2.18738896541.modelParams|sensorParams|encoders|_classifierInput|n_400.modelParams|inferenceType_NontemporalMultiStep.modelParams|spParams|synPermInactiveDec_0.0444308100424,  2500,  10,  None,  None,  14,  None,  4,  0.0328392623359,  2.18738896541,  400,  NontemporalMultiStep,  0.0444308100424,  96.9934657269,  29.9516004271, 
1042,  3109,  completed,  eof,  2017-09-22 07:50:35,  2017-09-22 07:50:40,  5,  modelParams|tmParams|minThreshold_10.modelParams|sensorParams|encoders|value:n_230.modelParams|tmParams|activationThreshold_14.modelParams|tmParams|pamLength_2.modelParams|clParams|alpha_0.026955796191.modelParams|sensorParams|encoders|_classifierInput|n_225.modelParams|inferenceType_NontemporalMultiStep.modelParams|spParams|synPermInactiveDec_0.0815288741604,  2500,  10,  None,  230,  14,  None,  2,  0.026955796191,  None,  225,  NontemporalMultiStep,  0.0815288741604,  74.4509218243,  22.9904586375, 
1042,  3110,  completed,  eof,  2017-09-22 07:50:35,  2017-09-22 07:50:41,  6,  modelParams|tmParams|minThreshold_10.modelParams|tmParams|activationThreshold_15.modelParams|tmParams|pamLength_4.modelParams|clParams|alpha_0.035375787679.modelParams|sensorParams|encoders|timestamp_dayOfWeek:radius_2.24794532739.modelParams|sensorParams|encoders|_classifierInput|n_423.modelParams|inferenceType_NontemporalMultiStep.modelParams|spParams|synPermInactiveDec_0.0377430914255,  2500,  10,  None,  None,  15,  None,  4,  0.035375787679,  2.24794532739,  423,  NontemporalMultiStep,  0.0377430914255,  96.237818295,  29.7182563582, 
1042,  3111,  completed,  eof,  2017-09-22 07:50:41,  2017-09-22 07:50:47,  6,  modelParams|tmParams|minThreshold_10.modelParams|sensorParams|encoders|value:n_244.modelParams|tmParams|activationThreshold_14.modelParams|tmParams|pamLength_2.modelParams|clParams|alpha_0.0284940625689.modelParams|sensorParams|encoders|_classifierInput|n_248.modelParams|inferenceType_NontemporalMultiStep.modelParams|spParams|synPermInactiveDec_0.0749657664713,  2500,  10,  None,  244,  14,  None,  2,  0.0284940625689,  None,  248,  NontemporalMultiStep,  0.0749657664713,  73.9060600746,  22.822205227, 
1042,  3112,  completed,  eof,  2017-09-22 07:50:41,  2017-09-22 07:50:47,  6,  modelParams|tmParams|minThreshold_10.modelParams|tmParams|activationThreshold_15.modelParams|tmParams|pamLength_3.modelParams|clParams|alpha_0.0372695394628.modelParams|sensorParams|encoders|timestamp_dayOfWeek:radius_2.23943285077.modelParams|sensorParams|encoders|_classifierInput|n_421.modelParams|inferenceType_NontemporalMultiStep.modelParams|spParams|synPermInactiveDec_0.038007930988,  2500,  10,  None,  None,  15,  None,  3,  0.0372695394628,  2.23943285077,  421,  NontemporalMultiStep,  0.038007930988,  101.716876879,  31.4101906775, 
1042,  3113,  completed,  eof,  2017-09-22 07:50:47,  2017-09-22 07:50:52,  5,  modelParams|tmParams|minThreshold_10.modelParams|sensorParams|encoders|value:n_238.modelParams|tmParams|activationThreshold_14.modelParams|tmParams|pamLength_2.modelParams|clParams|alpha_0.0282821743121.modelParams|sensorParams|encoders|_classifierInput|n_241.modelParams|inferenceType_NontemporalMultiStep.modelParams|spParams|synPermInactiveDec_0.0763240318657,  2500,  10,  None,  238,  14,  None,  2,  0.0282821743121,  None,  241,  NontemporalMultiStep,  0.0763240318657,  74.062017929,  22.8703650416, 
1042,  3114,  completed,  eof,  2017-09-22 07:50:47,  2017-09-22 07:50:53,  6,  modelParams|tmParams|minThreshold_10.modelParams|tmParams|activationThreshold_15.modelParams|tmParams|pamLength_4.modelParams|clParams|alpha_0.0361214402297.modelParams|sensorParams|encoders|timestamp_dayOfWeek:radius_2.28709216759.modelParams|sensorParams|encoders|_classifierInput|n_422.modelParams|inferenceType_NontemporalMultiStep.modelParams|spParams|synPermInactiveDec_0.037558799947,  2500,  10,  None,  None,  15,  None,  4,  0.0361214402297,  2.28709216759,  422,  NontemporalMultiStep,  0.037558799947,  95.5257076928,  29.4983564705, 
1042,  3115,  completed,  eof,  2017-09-22 07:50:53,  2017-09-22 07:50:58,  5,  modelParams|tmParams|minThreshold_11.modelParams|sensorParams|encoders|value:n_252.modelParams|tmParams|activationThreshold_14.modelParams|tmParams|pamLength_2.modelParams|clParams|alpha_0.0304245660322.modelParams|sensorParams|encoders|_classifierInput|n_254.modelParams|inferenceType_NontemporalMultiStep.modelParams|spParams|synPermInactiveDec_0.0728079288749,  2500,  11,  None,  252,  14,  None,  2,  0.0304245660322,  None,  254,  NontemporalMultiStep,  0.0728079288749,  74.3490131373,  22.9589892159, 
1042,  3116,  completed,  eof,  2017-09-22 07:50:53,  2017-09-22 07:50:59,  6,  modelParams|tmParams|minThreshold_10.modelParams|tmParams|activationThreshold_15.modelParams|tmParams|pamLength_4.modelParams|clParams|alpha_0.0334236276407.modelParams|sensorParams|encoders|timestamp_dayOfWeek:radius_2.20252936982.modelParams|sensorParams|encoders|_classifierInput|n_416.modelParams|inferenceType_NontemporalMultiStep.modelParams|spParams|synPermInactiveDec_0.0383920410133,  2500,  10,  None,  None,  15,  None,  4,  0.0334236276407,  2.20252936982,  416,  NontemporalMultiStep,  0.0383920410133,  97.2072365034,  30.017612883, 
1042,  3117,  completed,  eof,  2017-09-22 07:50:58,  2017-09-22 07:51:04,  6,  modelParams|tmParams|minThreshold_10.modelParams|tmParams|activationThreshold_15.modelParams|tmParams|pamLength_4.modelParams|clParams|alpha_0.0360567811663.modelParams|sensorParams|encoders|timestamp_dayOfWeek:radius_2.26494653411.modelParams|sensorParams|encoders|_classifierInput|n_422.modelParams|inferenceType_NontemporalMultiStep.modelParams|spParams|synPermInactiveDec_0.0373288233331,  2500,  10,  None,  None,  15,  None,  4,  0.0360567811663,  2.26494653411,  422,  NontemporalMultiStep,  0.0373288233331,  95.933673179,  29.6243362893, 
1042,  3118,  completed,  eof,  2017-09-22 07:50:59,  2017-09-22 07:51:05,  6,  modelParams|tmParams|minThreshold_10.modelParams|tmParams|activationThreshold_15.modelParams|tmParams|pamLength_4.modelParams|clParams|alpha_0.0360447081612.modelParams|sensorParams|encoders|timestamp_dayOfWeek:radius_2.27940098184.modelParams|sensorParams|encoders|_classifierInput|n_422.modelParams|inferenceType_NontemporalMultiStep.modelParams|spParams|synPermInactiveDec_0.0375500239472,  2500,  10,  None,  None,  15,  None,  4,  0.0360447081612,  2.27940098184,  422,  NontemporalMultiStep,  0.0375500239472,  95.5257076928,  29.4983564705, 
1042,  3119,  completed,  eof,  2017-09-22 07:51:04,  2017-09-22 07:51:10,  6,  modelParams|tmParams|minThreshold_10.modelParams|tmParams|activationThreshold_15.modelParams|tmParams|pamLength_4.modelParams|clParams|alpha_0.0393471721533.modelParams|sensorParams|encoders|timestamp_dayOfWeek:radius_2.32230143501.modelParams|sensorParams|encoders|_classifierInput|n_435.modelParams|inferenceType_NontemporalMultiStep.modelParams|spParams|synPermInactiveDec_0.0350340527806,  2500,  10,  None,  None,  15,  None,  4,  0.0393471721533,  2.32230143501,  435,  NontemporalMultiStep,  0.0350340527806,  95.7759372104,  29.5756273925, 
1042,  3120,  completed,  eof,  2017-09-22 07:51:05,  2017-09-22 07:51:11,  6,  modelParams|tmParams|minThreshold_10.modelParams|tmParams|activationThreshold_15.modelParams|tmParams|pamLength_4.modelParams|clParams|alpha_0.0368342395633.modelParams|sensorParams|encoders|timestamp_dayOfWeek:radius_2.28438891495.modelParams|sensorParams|encoders|_classifierInput|n_424.modelParams|inferenceType_NontemporalMultiStep.modelParams|spParams|synPermInactiveDec_0.036672023119,  2500,  10,  None,  None,  15,  None,  4,  0.0368342395633,  2.28438891495,  424,  NontemporalMultiStep,  0.036672023119,  96.4032311268,  29.7693358717, 
1042,  3121,  completed,  killed,  2017-09-22 07:51:11,  2017-09-22 07:51:11,  0,  modelParams|tmParams|minThreshold_10.modelParams|tmParams|activationThreshold_15.modelParams|tmParams|pamLength_4.modelParams|clParams|alpha_0.0356308489672.modelParams|sensorParams|encoders|timestamp_dayOfWeek:radius_2.27069891818.modelParams|sensorParams|encoders|_classifierInput|n_421.modelParams|inferenceType_NontemporalMultiStep.modelParams|spParams|synPermInactiveDec_0.0374283528065,  50,  10,  None,  None,  15,  None,  4,  0.0356308489672,  2.27069891818,  421,  NontemporalMultiStep,  0.0374283528065,  62.0586530612,  11.1078097604, 
1042,  3122,  completed,  eof,  2017-09-22 07:51:11,  2017-09-22 07:51:17,  6,  modelParams|tmParams|minThreshold_11.modelParams|sensorParams|encoders|value:n_221.modelParams|tmParams|activationThreshold_14.modelParams|tmParams|pamLength_3.modelParams|clParams|alpha_0.05005.modelParams|sensorParams|encoders|timestamp_dayOfWeek:radius_3.5.modelParams|sensorParams|encoders|_classifierInput|n_275.modelParams|inferenceType_NontemporalMultiStep.modelParams|spParams|synPermInactiveDec_0.05015,  2500,  11,  None,  221,  14,  None,  3,  0.05005,  3.5,  275,  NontemporalMultiStep,  0.05015,  80.4370647659,  24.8389807018, 
1042,  3123,  completed,  eof,  2017-09-22 07:51:11,  2017-09-22 07:51:17,  6,  modelParams|tmParams|minThreshold_11.modelParams|sensorParams|encoders|timestamp_weekend:radius_1.modelParams|sensorParams|encoders|value:n_221.modelParams|tmParams|activationThreshold_14.modelParams|tmParams|pamLength_3.modelParams|clParams|alpha_0.05005.modelParams|sensorParams|encoders|_classifierInput|n_275.modelParams|inferenceType_NontemporalMultiStep.modelParams|spParams|synPermInactiveDec_0.05015,  2500,  11,  1,  221,  14,  None,  3,  0.05005,  None,  275,  NontemporalMultiStep,  0.05015,  78.0573575418,  24.1041266642, 
1042,  3124,  completed,  eof,  2017-09-22 07:51:17,  2017-09-22 07:51:23,  6,  modelParams|tmParams|minThreshold_9.modelParams|sensorParams|encoders|value:n_193.modelParams|tmParams|activationThreshold_12.modelParams|tmParams|pamLength_1.modelParams|clParams|alpha_0.0001.modelParams|sensorParams|encoders|timestamp_dayOfWeek:radius_1.0.modelParams|sensorParams|encoders|_classifierInput|n_28.modelParams|inferenceType_NontemporalMultiStep.modelParams|spParams|synPermInactiveDec_0.1,  2500,  9,  None,  193,  12,  None,  1,  0.0001,  1.0,  28,  NontemporalMultiStep,  0.1,  133.539574222,  41.2370455919, 
1042,  3125,  completed,  eof,  2017-09-22 07:51:17,  2017-09-22 07:51:22,  5,  modelParams|tmParams|minThreshold_9.modelParams|sensorParams|encoders|timestamp_weekend:radius_1.modelParams|sensorParams|encoders|value:n_193.modelParams|tmParams|activationThreshold_12.modelParams|tmParams|pamLength_1.modelParams|clParams|alpha_0.0001.modelParams|sensorParams|encoders|_classifierInput|n_28.modelParams|inferenceType_NontemporalMultiStep.modelParams|spParams|synPermInactiveDec_0.1,  2500,  9,  1,  193,  12,  None,  1,  0.0001,  None,  28,  NontemporalMultiStep,  0.1,  125.259885384,  38.680276124, 
1042,  3126,  completed,  eof,  2017-09-22 07:51:23,  2017-09-22 07:51:29,  6,  modelParams|tmParams|minThreshold_12.modelParams|sensorParams|encoders|value:n_200.modelParams|tmParams|activationThreshold_16.modelParams|tmParams|pamLength_5.modelParams|clParams|alpha_0.1.modelParams|sensorParams|encoders|timestamp_dayOfWeek:radius_6.0.modelParams|sensorParams|encoders|_classifierInput|n_521.modelParams|inferenceType_NontemporalMultiStep.modelParams|spParams|synPermInactiveDec_0.0003,  2500,  12,  None,  200,  16,  None,  5,  0.1,  6.0,  521,  NontemporalMultiStep,  0.0003,  93.0221019155,  28.7252425364, 
1042,  3127,  completed,  eof,  2017-09-22 07:51:23,  2017-09-22 07:51:29,  6,  modelParams|tmParams|minThreshold_12.modelParams|sensorParams|encoders|value:n_197.modelParams|tmParams|activationThreshold_16.modelParams|tmParams|pamLength_5.modelParams|clParams|alpha_0.1.modelParams|sensorParams|encoders|timestamp_dayOfWeek:radius_6.0.modelParams|sensorParams|encoders|_classifierInput|n_521.modelParams|inferenceType_NontemporalMultiStep.modelParams|spParams|synPermInactiveDec_0.0003,  2500,  12,  None,  197,  16,  None,  5,  0.1,  6.0,  521,  NontemporalMultiStep,  0.0003,  95.6165364662,  29.5264044128, 
1042,  3128,  completed,  eof,  2017-09-22 07:51:29,  2017-09-22 07:51:36,  7,  modelParams|tmParams|minThreshold_12.modelParams|sensorParams|encoders|timestamp_weekend:radius_1.modelParams|sensorParams|encoders|value:n_197.modelParams|tmParams|activationThreshold_16.modelParams|tmParams|pamLength_5.modelParams|clParams|alpha_0.1.modelParams|sensorParams|encoders|_classifierInput|n_521.modelParams|inferenceType_NontemporalMultiStep.modelParams|spParams|synPermInactiveDec_0.0003,  2500,  12,  1,  197,  16,  None,  5,  0.1,  None,  521,  NontemporalMultiStep,  0.0003,  93.7821687387,  28.9599513142, 
1042,  3129,  completed,  eof,  2017-09-22 07:51:29,  2017-09-22 07:51:36,  7,  modelParams|tmParams|minThreshold_12.modelParams|sensorParams|encoders|timestamp_weekend:radius_1.modelParams|sensorParams|encoders|value:n_200.modelParams|tmParams|activationThreshold_16.modelParams|tmParams|pamLength_5.modelParams|clParams|alpha_0.1.modelParams|sensorParams|encoders|_classifierInput|n_521.modelParams|inferenceType_NontemporalMultiStep.modelParams|spParams|synPermInactiveDec_0.0003,  2500,  12,  1,  200,  16,  None,  5,  0.1,  None,  521,  NontemporalMultiStep,  0.0003,  92.9991697753,  28.7181610873, 
1042,  3130,  completed,  eof,  2017-09-22 07:51:36,  2017-09-22 07:51:42,  6,  modelParams|tmParams|minThreshold_10.modelParams|sensorParams|encoders|value:n_242.modelParams|tmParams|activationThreshold_13.modelParams|tmParams|pamLength_2.modelParams|clParams|alpha_0.025075.modelParams|sensorParams|encoders|timestamp_dayOfWeek:radius_2.25.modelParams|sensorParams|encoders|_classifierInput|n_151.modelParams|inferenceType_NontemporalMultiStep.modelParams|spParams|synPermInactiveDec_0.075075,  2500,  10,  None,  242,  13,  None,  2,  0.025075,  2.25,  151,  NontemporalMultiStep,  0.075075,  80.3957972994,  24.8262373004, 
1042,  3131,  completed,  eof,  2017-09-22 07:51:37,  2017-09-22 07:51:42,  5,  modelParams|tmParams|minThreshold_10.modelParams|sensorParams|encoders|value:n_200.modelParams|tmParams|activationThreshold_13.modelParams|tmParams|pamLength_2.modelParams|clParams|alpha_0.025075.modelParams|sensorParams|encoders|timestamp_dayOfWeek:radius_2.25.modelParams|sensorParams|encoders|_classifierInput|n_151.modelParams|inferenceType_NontemporalMultiStep.modelParams|spParams|synPermInactiveDec_0.075075,  2500,  10,  None,  200,  13,  None,  2,  0.025075,  2.25,  151,  NontemporalMultiStep,  0.075075,  83.1046707131,  25.6627379192, 
1042,  3132,  completed,  eof,  2017-09-22 07:51:42,  2017-09-22 07:51:48,  6,  modelParams|tmParams|minThreshold_10.modelParams|sensorParams|encoders|timestamp_weekend:radius_1.modelParams|sensorParams|encoders|value:n_242.modelParams|tmParams|activationThreshold_13.modelParams|tmParams|pamLength_2.modelParams|clParams|alpha_0.025075.modelParams|sensorParams|encoders|_classifierInput|n_151.modelParams|inferenceType_NontemporalMultiStep.modelParams|spParams|synPermInactiveDec_0.075075,  2500,  10,  1,  242,  13,  None,  2,  0.025075,  None,  151,  NontemporalMultiStep,  0.075075,  76.8820506738,  23.7411916827, 
1042,  3133,  completed,  eof,  2017-09-22 07:51:42,  2017-09-22 07:51:49,  7,  modelParams|tmParams|minThreshold_11.modelParams|sensorParams|encoders|timestamp_weekend:radius_1.modelParams|sensorParams|encoders|value:n_215.modelParams|tmParams|activationThreshold_14.modelParams|tmParams|pamLength_3.modelParams|clParams|alpha_0.055045.modelParams|sensorParams|encoders|_classifierInput|n_299.modelParams|inferenceType_NontemporalMultiStep.modelParams|spParams|synPermInactiveDec_0.055135,  2500,  11,  1,  215,  14,  None,  3,  0.055045,  None,  299,  NontemporalMultiStep,  0.055135,  79.2822717512,  24.4823804021, 
1042,  3134,  completed,  eof,  2017-09-22 07:51:48,  2017-09-22 07:52:05,  17,  modelParams|tmParams|minThreshold_10.modelParams|sensorParams|encoders|value:n_233.modelParams|tmParams|activationThreshold_13.modelParams|tmParams|pamLength_2.modelParams|clParams|alpha_0.0347673257778.modelParams|sensorParams|encoders|timestamp_dayOfWeek:radius_2.49732235595.modelParams|sensorParams|encoders|_classifierInput|n_190.modelParams|inferenceType_TemporalMultiStep.modelParams|spParams|synPermInactiveDec_0.0772727930017,  2500,  10,  None,  233,  13,  None,  2,  0.0347673257778,  2.49732235595,  190,  TemporalMultiStep,  0.0772727930017,  119.154117732,  36.7948139268, 
1042,  3135,  completed,  eof,  2017-09-22 07:51:49,  2017-09-22 07:51:55,  6,  modelParams|tmParams|minThreshold_10.modelParams|sensorParams|encoders|timestamp_weekend:radius_1.modelParams|sensorParams|encoders|value:n_234.modelParams|tmParams|activationThreshold_13.modelParams|tmParams|pamLength_2.modelParams|clParams|alpha_0.0172691933683.modelParams|sensorParams|encoders|_classifierInput|n_103.modelParams|inferenceType_NontemporalMultiStep.modelParams|spParams|synPermInactiveDec_0.0796119334384,  2500,  10,  1,  234,  13,  None,  2,  0.0172691933683,  None,  103,  NontemporalMultiStep,  0.0796119334384,  78.631803486,  24.2815156796, 
1042,  3136,  completed,  eof,  2017-09-22 07:51:55,  2017-09-22 07:52:11,  16,  modelParams|tmParams|minThreshold_10.modelParams|sensorParams|encoders|value:n_224.modelParams|tmParams|activationThreshold_13.modelParams|tmParams|pamLength_2.modelParams|clParams|alpha_0.0153826742222.modelParams|sensorParams|encoders|timestamp_dayOfWeek:radius_2.00267764405.modelParams|sensorParams|encoders|_classifierInput|n_112.modelParams|inferenceType_TemporalMultiStep.modelParams|spParams|synPermInactiveDec_0.0828472069983,  2500,  10,  None,  224,  13,  None,  2,  0.0153826742222,  2.00267764405,  112,  TemporalMultiStep,  0.0828472069983,  106.408336806,  32.858914384, 
1042,  3137,  completed,  eof,  2017-09-22 07:52:05,  2017-09-22 07:52:11,  6,  modelParams|tmParams|minThreshold_10.modelParams|sensorParams|encoders|timestamp_weekend:radius_1.modelParams|sensorParams|encoders|value:n_234.modelParams|tmParams|activationThreshold_12.modelParams|tmParams|pamLength_2.modelParams|clParams|alpha_0.0285124198951.modelParams|sensorParams|encoders|_classifierInput|n_246.modelParams|inferenceType_NontemporalMultiStep.modelParams|spParams|synPermInactiveDec_0.0714341996848,  2500,  10,  1,  234,  12,  None,  2,  0.0285124198951,  None,  246,  NontemporalMultiStep,  0.0714341996848,  78.3101648521,  24.1821936091, 
1042,  3138,  completed,  eof,  2017-09-22 07:52:11,  2017-09-22 07:52:17,  6,  modelParams|tmParams|minThreshold_10.modelParams|sensorParams|encoders|value:n_226.modelParams|tmParams|activationThreshold_13.modelParams|tmParams|pamLength_3.modelParams|clParams|alpha_0.0341719773334.modelParams|sensorParams|encoders|timestamp_dayOfWeek:radius_2.49196706784.modelParams|sensorParams|encoders|_classifierInput|n_220.modelParams|inferenceType_NontemporalMultiStep.modelParams|spParams|synPermInactiveDec_0.0716983790052,  2500,  10,  None,  226,  13,  None,  3,  0.0341719773334,  2.49196706784,  220,  NontemporalMultiStep,  0.0716983790052,  80.359111036,  24.8149085754, 
1042,  3139,  completed,  eof,  2017-09-22 07:52:11,  2017-09-22 07:52:18,  7,  modelParams|tmParams|minThreshold_10.modelParams|sensorParams|encoders|timestamp_weekend:radius_1.modelParams|sensorParams|encoders|value:n_234.modelParams|tmParams|activationThreshold_12.modelParams|tmParams|pamLength_2.modelParams|clParams|alpha_0.0285124198951.modelParams|sensorParams|encoders|_classifierInput|n_246.modelParams|inferenceType_NontemporalMultiStep.modelParams|spParams|synPermInactiveDec_0.0814041996848,  2500,  10,  1,  234,  12,  None,  2,  0.0285124198951,  None,  246,  NontemporalMultiStep,  0.0814041996848,  78.2342281965,  24.1587443556, 
1042,  3140,  completed,  eof,  2017-09-22 07:52:17,  2017-09-22 07:52:24,  7,  modelParams|tmParams|minThreshold_10.modelParams|sensorParams|encoders|value:n_210.modelParams|tmParams|activationThreshold_13.modelParams|tmParams|pamLength_4.modelParams|clParams|alpha_0.0415579850521.modelParams|sensorParams|encoders|timestamp_dayOfWeek:radius_2.73445245703.modelParams|sensorParams|encoders|_classifierInput|n_281.modelParams|inferenceType_NontemporalMultiStep.modelParams|spParams|synPermInactiveDec_0.0587293444364,  2500,  10,  None,  210,  13,  None,  4,  0.0415579850521,  2.73445245703,  281,  NontemporalMultiStep,  0.0587293444364,  80.618750451,  24.8950852755, 
1042,  3141,  completed,  eof,  2017-09-22 07:52:18,  2017-09-22 07:52:24,  6,  modelParams|tmParams|minThreshold_10.modelParams|sensorParams|encoders|timestamp_weekend:radius_1.modelParams|sensorParams|encoders|value:n_241.modelParams|tmParams|activationThreshold_13.modelParams|tmParams|pamLength_2.modelParams|clParams|alpha_0.03007.modelParams|sensorParams|encoders|_classifierInput|n_176.modelParams|inferenceType_NontemporalMultiStep.modelParams|spParams|synPermInactiveDec_0.08006,  2500,  10,  1,  241,  13,  None,  2,  0.03007,  None,  176,  NontemporalMultiStep,  0.08006,  77.7049736634,  23.9953104564, 
1042,  3142,  completed,  eof,  2017-09-22 07:52:24,  2017-09-22 07:52:30,  6,  modelParams|tmParams|minThreshold_10.modelParams|sensorParams|encoders|value:n_212.modelParams|tmParams|activationThreshold_13.modelParams|tmParams|pamLength_3.modelParams|clParams|alpha_0.0374560077187.modelParams|sensorParams|encoders|timestamp_dayOfWeek:radius_2.74248538919.modelParams|sensorParams|encoders|_classifierInput|n_237.modelParams|inferenceType_NontemporalMultiStep.modelParams|spParams|synPermInactiveDec_0.0770609654312,  2500,  10,  None,  212,  13,  None,  3,  0.0374560077187,  2.74248538919,  237,  NontemporalMultiStep,  0.0770609654312,  80.2555126958,  24.7829173885, 
1042,  3143,  completed,  eof,  2017-09-22 07:52:24,  2017-09-22 07:52:30,  6,  modelParams|tmParams|minThreshold_10.modelParams|sensorParams|encoders|value:n_227.modelParams|tmParams|activationThreshold_13.modelParams|tmParams|pamLength_3.modelParams|clParams|alpha_0.0374560077187.modelParams|sensorParams|encoders|timestamp_dayOfWeek:radius_2.74248538919.modelParams|sensorParams|encoders|_classifierInput|n_237.modelParams|inferenceType_NontemporalMultiStep.modelParams|spParams|synPermInactiveDec_0.0770609654312,  2500,  10,  None,  227,  13,  None,  3,  0.0374560077187,  2.74248538919,  237,  NontemporalMultiStep,  0.0770609654312,  80.5150836726,  24.8630729548, 
1042,  3144,  completed,  eof,  2017-09-22 07:52:30,  2017-09-22 07:52:36,  6,  modelParams|tmParams|minThreshold_10.modelParams|sensorParams|encoders|value:n_215.modelParams|tmParams|activationThreshold_13.modelParams|tmParams|pamLength_3.modelParams|clParams|alpha_0.0368309930895.modelParams|sensorParams|encoders|timestamp_dayOfWeek:radius_2.7147990154.modelParams|sensorParams|encoders|_classifierInput|n_228.modelParams|inferenceType_NontemporalMultiStep.modelParams|spParams|synPermInactiveDec_0.0769627589372,  2500,  10,  None,  215,  13,  None,  3,  0.0368309930895,  2.7147990154,  228,  NontemporalMultiStep,  0.0769627589372,  81.1259135238,  25.0516973276, 
1042,  3145,  completed,  eof,  2017-09-22 07:52:30,  2017-09-22 07:52:36,  6,  modelParams|tmParams|minThreshold_10.modelParams|sensorParams|encoders|value:n_221.modelParams|tmParams|activationThreshold_14.modelParams|tmParams|pamLength_3.modelParams|clParams|alpha_0.0371250991597.modelParams|sensorParams|encoders|timestamp_dayOfWeek:radius_2.99473955365.modelParams|sensorParams|encoders|_classifierInput|n_242.modelParams|inferenceType_NontemporalMultiStep.modelParams|spParams|synPermInactiveDec_0.073419806418,  2500,  10,  None,  221,  14,  None,  3,  0.0371250991597,  2.99473955365,  242,  NontemporalMultiStep,  0.073419806418,  80.4729099967,  24.8500497158, 
1042,  3146,  completed,  eof,  2017-09-22 07:52:36,  2017-09-22 07:52:42,  6,  modelParams|tmParams|minThreshold_10.modelParams|sensorParams|encoders|value:n_220.modelParams|tmParams|activationThreshold_12.modelParams|tmParams|pamLength_2.modelParams|clParams|alpha_0.0203813379646.modelParams|sensorParams|encoders|timestamp_dayOfWeek:radius_1.86601379526.modelParams|sensorParams|encoders|_classifierInput|n_160.modelParams|inferenceType_NontemporalMultiStep.modelParams|spParams|synPermInactiveDec_0.0943108956523,  2500,  10,  None,  220,  12,  None,  2,  0.0203813379646,  1.86601379526,  160,  NontemporalMultiStep,  0.0943108956523,  82.615312776,  25.5116240963, 
1042,  3147,  completed,  eof,  2017-09-22 07:52:36,  2017-09-22 07:52:42,  6,  modelParams|tmParams|minThreshold_10.modelParams|sensorParams|encoders|value:n_215.modelParams|tmParams|activationThreshold_12.modelParams|tmParams|pamLength_2.modelParams|clParams|alpha_0.0236170084409.modelParams|sensorParams|encoders|timestamp_dayOfWeek:radius_1.92611571091.modelParams|sensorParams|encoders|_classifierInput|n_182.modelParams|inferenceType_NontemporalMultiStep.modelParams|spParams|synPermInactiveDec_0.0896183909154,  2500,  10,  None,  215,  12,  None,  2,  0.0236170084409,  1.92611571091,  182,  NontemporalMultiStep,  0.0896183909154,  82.2824891518,  25.4088480987, 
1042,  3148,  completed,  eof,  2017-09-22 07:52:42,  2017-09-22 07:52:49,  7,  modelParams|tmParams|minThreshold_10.modelParams|sensorParams|encoders|value:n_215.modelParams|tmParams|activationThreshold_13.modelParams|tmParams|pamLength_3.modelParams|clParams|alpha_0.0405512596484.modelParams|sensorParams|encoders|timestamp_dayOfWeek:radius_2.86560673649.modelParams|sensorParams|encoders|_classifierInput|n_258.modelParams|inferenceType_NontemporalMultiStep.modelParams|spParams|synPermInactiveDec_0.077557456789,  2500,  10,  None,  215,  13,  None,  3,  0.0405512596484,  2.86560673649,  258,  NontemporalMultiStep,  0.077557456789,  82.0073917501,  25.3238979694, 
1042,  3149,  completed,  eof,  2017-09-22 07:52:42,  2017-09-22 07:52:49,  7,  modelParams|tmParams|minThreshold_10.modelParams|sensorParams|encoders|value:n_213.modelParams|tmParams|activationThreshold_13.modelParams|tmParams|pamLength_3.modelParams|clParams|alpha_0.037552676374.modelParams|sensorParams|encoders|timestamp_dayOfWeek:radius_2.75634205784.modelParams|sensorParams|encoders|_classifierInput|n_240.modelParams|inferenceType_NontemporalMultiStep.modelParams|spParams|synPermInactiveDec_0.0770520402085,  2500,  10,  None,  213,  13,  None,  3,  0.037552676374,  2.75634205784,  240,  NontemporalMultiStep,  0.0770520402085,  80.3412329934,  24.8093878325, 
1042,  3150,  completed,  killed,  2017-09-22 07:52:49,  2017-09-22 07:52:49,  0,  modelParams|tmParams|minThreshold_10.modelParams|sensorParams|encoders|value:n_209.modelParams|tmParams|activationThreshold_13.modelParams|tmParams|pamLength_4.modelParams|clParams|alpha_0.0410559112271.modelParams|sensorParams|encoders|timestamp_dayOfWeek:radius_2.97112153368.modelParams|sensorParams|encoders|_classifierInput|n_254.modelParams|inferenceType_NontemporalMultiStep.modelParams|spParams|synPermInactiveDec_0.0701487848536,  50,  10,  None,  209,  13,  None,  4,  0.0410559112271,  2.97112153368,  254,  NontemporalMultiStep,  0.0701487848536,  63.0861564082,  11.2917214494, 
